N,run ,mean ,time
100,0,1.272143,510.909747
150,0,1.282094,784.539646
